# Celebrity stylists, personal shoppers & wardrobe stylists in fashion.
# A stylist/personal-shopper as a CUSTOMER buys for many UHNW / celebrity clients,
# so a name match is a high-value clienteling tell — but, like the rich-list signal,
# names collide, so it's "flag + verify", weighted in the correlated `name` group.
# One name per line. Add/curate freely.
name
Amandeep Kaur
Danielle Goldberg
Kollin Carter
Shaleena Nathani
Ami Patel
Zoe Costello
Jahleel Weaver
Jessica Paster
Law Roach
Julian Ríos
Petra Flannery
Erin Walsh
Kate Young
Maeve Reilly
Mel Ottenberg
Joseph Cassell Falconer
Harry Lambert
Elizabeth Stewart
Brett Alan Nelson
Molly Dickson
Ilaria Urbinati
Patti Wilson
Tanya Ghavri
Sydney Lopez
Rob Zangardi
Samantha McMillen
Taylor McNeill
Mimi Cuttrell
Sandra Amador
Aeri Yun
Tara Swennen
Jason Rembert
Dani Michelle
Carlos Nazario
Karla Welch
Micaela Erlanger
Andrew Mukamal
Nicky Yates
Emma Jade Morrison
Lindsay Albanese
Mariel Haenn
Vanessa Reid
Tym Wallace
Bryon Javar
Lorenzo Posocco
Glen Coco Oropeza
Jane How
Jason Bolden
Wouri Vice
Alison Edmond
Anaita Shroff Adajania
Jillian Davison
Erica Cloud
Elly Karamoh
J. Bolin
Haley Wollens
Dionte Gray
Hodo Musa
Michael Fisher
Danielle Parkes
Heidi Bivens
Veneda Carter
Chris Horan
Leslie Fremar
Brian Molloy
Sophie Lopez
Cristina Ehrlich
Kirsty Stewart
Misa Kanbe
Benjamin Bruno
Marni Senofonte
Chris Appleton
Marie Chaix
Troi Anthoni
Andreea Ali
Suzanne Koller
Thomas Carter Phillips
Danny Reed
Andrew Fitzsimons
Joe Zee
Isamaya Ffrench
Sukriti Grover
Jeanne Yang
Fran Cooper
Leith Clark
Jonathan Wright
Jacob K
Jeanann Williams
Fara Homidi
Jenny Ricker
Gaelle Paul
Julie Ragolia
Warren Alfie Baker
Mary Phillips
Anastasia Walker
Hung Vanngo
Harry Josh
Britt Theodora
Monty Jackson
Arianne Phillips
Charlotte Tilbury
Edward Enninful
Camilla Nickerson
Christine Centenera
Anna Trevelyan
Alister Mackie
Brad Goreski
Cher Coulter
Adir Abergel
Dick Page
Diane Kendal
Eugene Souleiman
Bryce Scarlett
Ashley Weston
David Mallett
B. Akerlund
