brand,domain
Toteme,toteme-studio.com
TOVE,tovestudio.com
Khaite,khaite.com
Gabriela Hearst,gabrielahearst.com
The Row,therow.com
Studio Nicholson,studionicholson.com
FFORME,fforme.com
Another Tomorrow,anothertomorrow.co
Maria McManus,mariamcmanus.com
ST. AGNI,st-agni.com
Matteau,matteau.com
Deiji Studios,deijistudios.com
Anine Bing,aninebing.com
Nili Lotan,nililotan.com
SLVRLAKE,slvrlake.com
The Frankie Shop,thefrankieshop.com
Tibi,tibi.com
KALLMEYER,kallmeyernewyork.com
Maryam Nassir Zadeh,mnzstore.com
Cecilie Bahnsen,ceciliebahnsen.com
Simone Rocha,simonerocha.com
Ulla Johnson,ullajohnson.com
Magda Butrym,magdabutrym.com
Emilia Wickstead,emiliawickstead.com
Roksanda,roksanda.com
Rosie Assoulin,rosieassoulin.com
Borgo de Nor,borgodenor.com
La DoubleJ,ladoublej.com
Sea,sea-ny.com
RIXO,rixo.co.uk
Johanna Ortiz,johannaortiz.com
La Ligne,lalignenyc.com
Wiederhoeft,wiederhoeft.com
Alessandra Rich,alessandrarich.com
Self-Portrait,self-portrait.com
Solace London,solacelondon.com
Rebecca Vallance,rebeccavallance.com
Coperni,coperni.com
Nensi Dojaka,nensidojaka.com
Rotate,rotatebirgerchristensen.com
Nanushka,nanushka.com
The Attico,theattico.com
Veronica Beard,veronicabeard.com
Ottolinger,ottolinger.com
Molly Goddard,mollygoddard.com
Paloma Wool,palomawool.com
Marine Serre,marineserre.com
Rosetta Getty,rosettagetty.com
Sandy Liang,shopsandyliang.com
Cult Gaia,cultgaia.com
STAUD,staud.clothing
Reformation,thereformation.com
Ganni,ganni.com
Sezane,sezane.com
Doen,shopdoen.com
Everlane,everlane.com
Quince,onequince.com
Aritzia,aritzia.com
Aime Leon Dore,aimeleondore.com
A.P.C.,apcstore.com
Our Legacy,ourlegacy.com
Casablanca,casablancaparis.com
Fear of God,fearofgod.com
AMIRI,amiri.com
BODE,bode.com
Wales Bonner,walesbonner.net
Willy Chavarria,willychavarria.com
Rick Owens,rickowens.eu
Sacai,sacai.jp
JW Anderson,jwanderson.com
Jacquemus,jacquemus.com
Visvim,visvim.tv
Officine Generale,officinegenerale.com
Drake's,drakes.com
Sunspel,sunspel.com
Story mfg.,storymfg.com
Gallery Dept.,gallerydept.com
Martine Rose,martine-rose.com
Bianca Saunders,biancasaunders.com
Maison Kitsune,maisonkitsune.com
Axel Arigato,axelarigato.com
mfpen,mfpen.com
Y/Project,yproject.fr
D.S. & Durga,dsanddurga.com
Phlur,phlur.com
Dedcool,dedcool.com
Ellis Brooklyn,ellisbrooklyn.com
Snif,snif.co
Kayali,kayali.com
Byredo,byredo.com
Augustinus Bader,augustinusbader.com
Dr. Barbara Sturm,drsturm.com
U Beauty,ubeauty.com
Tata Harper,tataharperskincare.com
Vintner's Daughter,vintnersdaughter.com
111Skin,111skin.com
Noble Panacea,noblepanacea.com
Susanne Kaufmann,susannekaufmann.com
Westman Atelier,westman-atelier.com
RMS Beauty,rmsbeauty.com
Ilia,iliabeauty.com
Kosas,kosas.com
Merit,meritbeauty.com
Saie,saiehello.com
Rose Inc,roseinc.com
Victoria Beckham Beauty,victoriabeckhambeauty.com
Glossier,glossier.com
Rare Beauty,rarebeauty.com
Charlotte Tilbury,charlottetilbury.com
Summer Fridays,summerfridays.com
Necessaire,necessaire.com
Aesop,aesop.com
Soho Home,sohohome.com
Jonathan Adler,jonathanadler.com
Lulu and Georgia,luluandgeorgia.com
McGee & Co,mcgeeandco.com
The Citizenry,the-citizenry.com
Nordic Knots,nordicknots.com
Armadillo,armadillo-co.com
Cold Picnic,coldpicnic.com
Maiden Home,maidenhome.com
Burrow,burrow.com
Article,article.com
Sabai,sabai.design
Hem,hem.com
Ferm Living,fermliving.com
Gubi,gubi.com
Audo Copenhagen,audocph.com
&Tradition,andtradition.com
Tom Dixon,tomdixon.net
L'Objet,l-objet.com
Astier de Villatte,astierdevillatte.com
HAY,us.hay.com
Muuto,muuto.com
RH,rh.com
1stDibs,1stdibs.com
Chairish,chairish.com
The Future Perfect,thefutureperfect.com
